title,price
Bitdefender Internet Security Key (1 Year / 1 PC),0
Superantispyware Professional X Edition CD Key (1 Year / 1 PC),0
Kaspersky Internet Security 2022 TR Key (1 Year / 1 Device),0
FabFilter Pro-R PC/MAC CD Key,0
Surfshark Starter VPN Key (2 Years / Unlimited Devices),0
VMware vSphere 8 Enterprise Plus CD Key,0
VMware vSAN 8 Enterprise Plus CD Key,0
VMware vSphere 7 Essentials Kit CD Key,0
MAGIX Movie Studio 2022 CD Key,0
VMware vCenter Server 7 Foundation CD Key,0
Aiseesoft MobieSync Key (1 Year / 1 PC),0
VMware vCenter Server 8 Foundation CD Key,0
VMware vSphere 8 Essentials for Retail and Branch Offices CD Key,0
AnyMP4 DVD Creator CD Key (1 Year / 1 PC),0
AnyMP4 Blu-ray Player CD Key (1 Year / 1 PC),0
NCH: PhotoPad Image Photo Editor Key for Mac,0
Bitdefender Total Security 2023 EU Key (1 Year / 5 Devices),0
McAfee Internet Security 2023 Key (1 Year / Unlimited Devices Key),0
Norton 360 Deluxe 2023 EU Key (1 Year / 5 Devices) + 50 GB Cloud Storage,0
Norton 360 Premium 2023 EU Key (1 Year / 10 Devices),0
PDFZilla PDF Editor and Converter CD Key,0
Bitdefender Antivirus Plus 2023 International Key (1 Year / 1 PC),0
Bitdefender Internet Security 2023 EU Key (1 Year / 1 PC),0
AVG Ultimate 2023 Key (2 Years / 10 Devices),0
AVAST Premium Security 2023 Key (2 Years / 1 PC),0
AVAST Premium Security 2023 Key (3 Years / 1 PC),0
AVAST Ultimate 2023 Key (1 Year / 3 Devices),0
AVAST Ultimate 2023 Key (2 Years / 3 Devices),0
Avast Cleanup Premium 2023 Key (2 Years / 1 PC),0
Movavi Video Editor 2023 Key (1 PC),0
Corel PDF Fusion Key (3 PCs),0
AVG Ultimate 2023 with Secure VPN Key (3 Years / 5 Devices),0
Gilisoft Screen Recorder CD Key,0
VMware vCloud Suite 6 Enterprise Edition EU CD Key,0
VMware vSphere Hypervisor (ESXi) 6.7 CD Key,0
DVDFab Blu-Ray Copy Key (1 Year / 1 PC),0
Kaspersky Standard 2023 EU Key (1 Year / 5 PCs),0
Kaspersky Plus 2023 EU Key (1 Year / 1 PC),0
Kaspersky Plus 2023 EU Key (1 Year / 3 PCs),0
Corel Painter Essentials 5 Digital Download CD Key,0
FoneTool Professional Edition CD Key (5 PCs),0
EaseUS MobiSaver Pro for Android 2023 Key,0
EaseUS Data Recovery Wizard Professional 2023 for Mac Key,0
VMware vSphere 8 Enterprise Plus with Add-on for Kubernetes CD Key,0
EaseUS Data Recovery Wizard Professional 2023 Key (1 Year / 1 PC),0
EaseUS MobiUnlock Key,0
MS Access 2021 CD Key,0
MS SQL Server 2022 CD Key,0
AVG File Server Business Edition Key (2 Years / 1 Device),0
Panda Dome Premium Key (1 Year / 10 Device),0
NCH: Express Scribe Transcription Key,0
NCH: Express Rip CD Ripper Key,0
McAfee Internet Security 2023 Key (1 Year / 10 Devices),0
VMware vSphere 6 Standard CD Key,0
VMware vSphere 7 Enterprise Plus CD Key (Unlimited Devices),0
VMware vSphere 7 Enterprise Plus EU/NA CD Key (Unlimited Devices),0
MAGIX Xara Web Designer Premium 15 CD Key,0
VMware vSphere 8 Enterprise Plus with Add-on for Kubernetes CD Key (3 Devices),0
VMware vSphere 8 Enterprise Plus CD Key (10 Devices),0
VMware vSphere 8 Essentials Plus Kit for Retail and Branch Offices EU CD Key,0
Windows 10 Home N OEM Key,0
Bitdefender Premium VPN 2024 Key (1 Year / 10 Devices),0
Revo Uninstaller Pro 5 CD Key (1 Year / 1 PC),0
Avast AntiTrack Premium 2023 Key (1 Year / 3 PCs),0
VMware vSphere 8.0U Enterprise Plus with Add-on for Kubernetes CD Key (Unlimited Devices),0
Arturia V Collection 8 PC/MAC CD Key,0
AnyMP4 MP4 Converter CD Key (1 Year / 1 PC),0
MAGIX Sound Forge Pro 11 Digital Download CD Key,0
MAGIX Sound Forge Audio Studio 13 Digital Download CD Key,0
VMware vSphere 8.0U Standard EU CD Key,0
FileCenter Professional Plus 12 CD Key (Lifetime / 1 PC),0
Nero AI Image Upscaler CD Key (1 Year / 1 PC),0
Nero DuplicateManager Photo 2022 CD Key,0
VMware vSphere 7.0U Essentials Plus Kit CD Key,0
VMware vCenter Server 8 Essentials + vSphere 8 Enterprise Plus Bundle CD Key,0
VMware vCenter Server 8 Foundation + vSphere 8 Enterprise Plus Bundle CD Key (Unlimited Devices),0
Wise Care 365 PRO Perpetual License Key,0
MovieMator Video Editor Pro - Movie Maker Video Editing Software Steam CD Key,0
MS Visio Professional 2016 CD Key,0
MS Visio Standard 2019 CD Key,0
MS Project Standard 2019 CD Key,0
Windows Server 2012 R2 Essentials CD Key,0
IObit Uninstaller 13 Pro Key (1 Year / 3 PCs),0
EaseUS Partition Master Pro 11.9 (1PC) CD Key,0
HMA! Pro VPN Key (1 Year / 5 Devices),0
Bitdefender Total Security 2024 Key (1 Year / 10 Devices),0
Bitdefender Total Security 2023 IN Key (2 Years / 5 Devices),0
IObit Driver Booster 11 Pro Key (1 Year / 1 PC),0
IObit Advanced SystemCare 17 Pro Key (1 Year / 3 PCs),0
Movavi Video Editor 2024 Key (1 MAC),0
Movavi Video Editor 2024 Key (1 PC),0
Movavi Video Editor 2024 Key (1 Year / 1 PC),0
Movavi Video Converter 2024 Key (1 Year / 1 PC),0
AdGuard VPN Premium Key (1 Year / 10 Devices),0
Movavi Photo Editor 2024 Key (1 PC),0
MAGIX ACID Pro 10 CD Key,0
CCleaner Professional 2024 Key (1 Year / 1 PC),0
G Data Internet Security 2024 Key (1 Year / 1 PC),0
Avast SecureLine VPN 2024 Key (1 Year / 5 Devices),0
Avast SecureLine VPN 2024 Key (1 Year / 10 Devices),0
AVAST Premium Security 2024 Key (3 Years / 1 PC),0
AVAST Premium Security 2024 Key (1 Year / 3 PCs),0
AVG PC TuneUp 2024 Key (3 Years / 10 PCs),0
AVG PC TuneUp 2024 Key (2 Years / 1 PC),0
AVG Internet Security 2024 Key (2 Years / 10 Devices),0
AVG Internet Security 2024 Key (1 Year / 10 Devices),0
Kaspersky Plus 2024 UK Key (1 Year / 1 PC),0
AVG Internet Security 2024 Key (2 Years / 5 Devices),0
AVG Internet Security 2024 Key (2 Years / 3 Devices),0
AVG Internet Security 2024 Key (2 Years / 1 Device),0
AVG Internet Security 2024 Key (3 Years / 1 Device),0
Kaspersky Basic 2024 CA/SOUTH AMERICA Key (1 Year / 1 PC),0
Webroot SecureAnywhere AntiVirus 2024 Key (1 Year / 3 Devices),0
Kaspersky Standard 2024 UK Key (1 Year / 3 PCs),0
McAfee Total Protection 2024 Key (1 Year / 10 Devices),0
McAfee LiveSafe 2024 Key (1 Year / 1 Device),0
Kaspersky Plus 2024 EU Key (1 Year / 5 PCs),0
Bitdefender Total Security 2024 EU Key (2 Years / 10 Devices),0
PDFChef by Movavi Key (1 MAC),0
Bitdefender Total Security 2024 EU Key (1 Year / 3 Devices),0
Bitdefender Internet Security 2024 Key (2 Years / 3 PCs),0
Norton 360 Deluxe 2024 EU Key (1 Year / 5 Devices),0
Norton 360 2024 EU Key (1 Year / 1 Device) + 10 GB Cloud Storage,0
Norton Security Premium 2024 EU Key (1 Year / 10 Devices),0
Norton Security Standard 2024 EU Key (1 Year / 1 Device),0
Movavi Video Suite 2024 Key (1 MAC),0
Norton 360 Deluxe 2024 EU Key (2 Years / 5 Devices) + 50 GB Cloud Storage,0
Norton Antivirus 360 Deluxe BR Key (1 Year / 5 Devices),0
Kaspersky Premium 2024 EU Key (1 Year / 3 Devices),0
Corel Paintshop Pro 2023 CD Key,0
Kaspersky Premium 2024 EU Key (1 Year / 5 Devices),0
Kaspersky Standard 2024 EU Key (1 Year / 10 Devices),0
AVAST Ultimate 2024 Key (1 Year / 10 Devices),0
ESET Home Security Essential Key (1 Year / 5 Devices),0
Bitdefender Internet Security 2024 MIDDLE EAST Key (1 Year / 1 PC),0
Bitdefender Total Security 2024 MIDDLE EAST Key (1 Year / 1 Device),0
Kaspersky Anti Virus 2024 Key (1 Year / 1 Device),0
Kaspersky Internet Security 2024 MIDDLE EAST Key (1 Year / 3 Devices),0
NCH: Disketch Disc Label EU/NA Key,0
AVAST Premium Security 2024 Key (1 Year / 10 Devices),0
AVAST Premium Security 2024 Key (1 Year / 5 PCs),0
AVAST Premium Security 2024 EU Key (1 Year / 5 PCs),0
EaseUS Data Recovery Wizard Professional v11.8 for Windows Key,0
F-Secure Internet Security 2024 Key (1 Year / 3 Devices),0
Acronis Cyber Protect Home Office Essentials 2024 Key (1 Year / 1 Device),0
McAfee Total Protection 2024 EU Key (1 Year / 5 Devices),0
AVG Ultimate 2024 with Secure VPN Key (1 Year / 10 Devices),0
Movavi Photo Editor 2024 Key (1 Mac),0
ESET Smart Security Premium US Key (1 Year / 1 PC),0
MAGIX Music Maker 2022 Premium Digital Download CD Key,0
Norton 360 2024 Mobile Security for Android EU Key (1 Year / 1 Device),0
Norton 360 2024 EU Key (1 Year / 1 Device) + 10 GB Cloud Storage + VPN + Password Manager,0
MS Office 2016 Professional Plus Bind Key,0
Bitdefender Antivirus For Mac 2024 Key (2 Years / 1 Mac),0
Norton 360 Deluxe 2024 EU Key (2 Years / 10 Devices) + 75 GB Cloud Storage,0
MAGIX Music Maker 2024 Digital Download CD Key,0
Norton 360 Deluxe 2024 for Mac EU CD Key (1 Year / 3 Devices),0
F-Secure Total 2024 Key (1 Year / 7 Devices),0
Parallels Desktop 19 Pro Edition for Mac Key,0
MS SQL Server 2016 CD Key,0
ESET Home Security Essential Key (2 Years / 10 Devices),0
ESET Home Security Ultimate Key (2 Years / 10 Devices),0
MS Office 365 Personal NA Key (1 Year / 1 Account),0
Kaspersky Internet Security for Android 2024 Key (1 Year / 1 Device),0
Norton 360 Deluxe 2024 EU Key (3 Years / 10 Devices) + 75 GB Cloud Storage,0
Norton 360 Deluxe 2024 EU Key (3 Years / 5 Devices) + 50 GB Cloud Storage,0
Norton 360 EU Key (2 Years / 1 Device) + 10 GB Cloud Storage,0
ESET Home Security Premium Key (1 Year / 5 Devices),0
Seed4.me VPN Subscription Key (2 Years / Unlimited Devices),0
PC Fresh Key,0
NoPing Advanced - 180 Days Subscription Key,0
NoPing Advanced - 360 Days Subscription Key,0
Winxvideo AI Key (1 Year / 3 PCs),0
Bitdefender Antivirus Plus 2024 UK Key (1 Year / 1 PC),0
EaseUS Todo Backup Home Edition 2024 PC Key (1 Year / 1 Device),0
Pinnacle Studio 25 Ultimate CD Key,0
CCleaner Premium Bundle 2024 Key (1 Year / 5 Devices),0
TechSmith Software Bundle CD Key (2 Devices),0
EaseUS Video Downloader for Mac Key (3 Devices),0
Trend Micro Antivirus+ Security 2024 Key (3 Years / 1 Device),0
EaseUS Data Recovery Wizard Professional v18.0 Key (1 Month / 1 PC),0
Voicemod PRO - 3 Months Coupon Code,0
MS Office 365 Family NA Key (1 Year / 6 Devices),0
Virtual DJ and Karaoke Studio 8 CD Key (2 PCs),0
NCH: Inventoria Stock Manager Key (2 PCs),0
NCH: Express Burn Disc Burning Key (2 PCs),0
EaseUS PDF Editor CD Key,0
EaseUS Data Recovery Wizard Professional v19.0 for Windows Key,0
MS Office 2013 Professional Plus ISO Key,0
MS Visual Studio 2017 Professional CD Key,0
Parallels Desktop 20 Standard for Mac Key,0
Parallels Desktop 20 Pro Edition for Mac Key (1 Year / 1 Device),0
Apple MainStage 3 CD Key (Lifetime / 1 MAC),0
Parallels Desktop 20 Standard for Mac Key (2 Years / 1 Device),0
Adobe Premiere Elements 2024 for Windows CD Key,0
MS Office 2024 Home and Business PC/MAC Bind Key,0
MAGIX Movie Studio 2023 Suite CD Key,0
MS Project Professional 2024 Bind Key,0
Bitdefender Total Security 2024 MIDDLE EAST Key (1 Year / 5 Devices),0
Poe2Smoother PoE2 CD Key,0
Remote Desktop Manager Platinum 2023 CD Key,0
Abrosoft FantaMorph 5 - Deluxe Photo Morphing PC CD Key (2 PCs),0
Solid PDF Tools v10 For Windows CD Key (2 PCs),0
IObit Uninstaller 14 Pro Key (1 Year / 3 PCs),0
IObit Smart Defrag 10 Pro Key (1 Year / 3 PCs),0
Kaspersky Premium 2025 (VPN not included) IN Key (1 Year / 1 Device),0
Bitdefender Family Pack 2025 Key (2 Years / 15 Devices),0
Kaspersky Standard 2025 UK Key (1 Year / 1 Device),0
Kaspersky Plus 2025 UK Key (1 Year / 1 Device),0
Movavi Video Editor Plus 2025 Key (1 Year / 1 MAC),0
EaseUS Data Recovery Wizard Professional v19.1 for Windows Key,0
ESET Home Security Essential EU Key (2 Years / 1 Device),0
ESET Home Security Essential EU Key (1 Year / 1 Device),0
Movavi Photo Editor 2025 Key (1 PC),0
MAGIX Sound Forge Pro 17 Digital Download CD Key,0
Norton Utilities Ultimate 2025 EU Key (1 Year / 10 PCs),0
Norton 360 Premium + Utilities Ultimate 2025 EU Key (1 Year / 10 Devices) + 75 GB Cloud Storage,0
McAfee LiveSafe 2025 EU Key (1 Year / 10 Devices),0
F-Secure Internet Security 2025 US Key (1 Year / 3 Devices),0
Wondershare EdrawMax 14 CD Key (3 Devices),0
Wondershare Recoverit 13.5 CD Key (2 PCs),0
Norton Utilities Ultimate 2025 US Key (1 Year / 10 PCs),0
Norton 360 Platinum US Key (1 Year / 20 Devices) + 100 GB Cloud Storage,0
Pinnacle Studio 26 Ultimate CD Key,0
AVG Internet Security 2025 Key (1 Year / 10 Devices),0
Avast Cleanup Premium 2025 Key (1 Year / 10 PCs),0
EaseUS OS2Go CD Key (1 Year / 1 Device),0
Wondershare DemoCreator Individual Cross-Platform Yearly Plan CD Key (1 Year / 1 PC),0
IObit Advanced SystemCare Ultimate 17 Key (1 Year / 3 PCs),0
IObit Smart Defrag 10 Pro Key (1 Year / 1 PC),0
Adobe Photoshop Elements 2025 US (3 Years / 1 Device),0
Wondershare Filmora 14 Advanced - AI 5000 Credits Pack CD Key,0
Adobe AI Assistant for Acrobat - 1 Year Subscription Key,0
ESET Internet Security CA Key (1 Year / 10 Devices),0
ESET NOD32 Antivirus CA Key (1 Year / 10 Devices),0
Razer THX Spatial Audio CD Key,0
Wondershare Filmora AI Video Editor for Android Perpetual License Key,0
ESET Home Security Premium EU Key (2 Years / 1 Device),0
ESET Home Security Premium EU Key (1 Year / 10 Devices),0
ESET Home Security Premium EU Key (2 Years / 10 Devices),0
ABBYY FineReader PDF 15 Key (Perpetual Licence / 1 PC),0
Kaspersky Premium 2025 UK Key (1 Year / 3 Devices),0
Ashampoo Photo Commander 18 Key,0
Kaspersky Small Office Security 2025 EU (10 PCs / 1 Server / 10 Mobile / 1 Year),0
Kaspersky Safe Kids 2025 EU Key (1 Year / 1 User),0
AVAST Pro Antivirus 2025 Key (1 Year / 1 PC),0
Bitdefender Antivirus For Mac 2025 Key (2 Years / 1 Mac),0
Kaspersky Standard 2025 EU Key (1 Year / 3 Devices),0
Kaspersky Standard 2025 EU Key (2 Years / 3 Device),0
Kaspersky Small Office Security 2025 EU (5 PCs / 1 Server / 5 Mobile / 1 Year),0
ESET Home Security Premium Key (4 Months / 1 Device),0
Watchdog Anti-Malware Key (1 Year / 5 PCs),0
AVG Ultimate with Secure VPN Key (3 Years / 1 Device),0
Bitdefender Antivirus Plus 2025 for Mac EU Key (1 Year / 1 Device),0
ESET NOD32 Antivirus 2025 EU Key (1 Year / 3 Devices),0
AVAST Ultimate 2025 Key (1 Year / 5 PCs),0
AVAST Ultimate 2025 Key (3 Years / 10 PCs),0
Avast SecureLine VPN 2025 Key (3 Years / 10 Devices),0
Avast Driver Updater 2025 Key (1 Year / 1 PC),0
Norton Antivirus Plus LATAM Key (1 Year / 1 PC),0
Norton 360 Premium 2025 EU Key (1 Year / 10 Devices) + 75 GB Cloud Storage,0
Acronis True Image 2025 Essentials EU Key (1 Year / 1 PC),0
Ashampoo 3D CAD Architecture 12 Activation Key,0
Trend Micro Maximum Security 2025 Key (1 Year / 3 Devices),0
Trend Micro Antivirus+ Security 2025 Key (1 Year / 3 Devices),0
AVG PC TuneUp 2025 Key (3 Years / 3 PCs),0
AVG PC TuneUp 2025 Key (1 Year / 10 PCs),0
Norton Security Deluxe 2025 EU Key (1 Year / 3 Devices),0
McAfee Total Protection 2025 Key (1 Year / 10 Devices),0
McAfee Total Protection 2025 Key (1 Year / 3 Devices),0
McAfee Total Protection 2025 EU Key (1 Year / 1 Device),0
McAfee Total Protection 2025 EU Key (1 Year / 10 Devices),0
McAfee Total Protection 2025 EU Key (2 Years / 5 Devices),0
EaseUS Data Recovery Wizard Professional 2025 Key (1 Month / 1 PC),0
Abelssoft Recordify CD Key,0
CyberLink PowerDirector 365 CD Key (1 Year / 1 PC),0
Abelssoft ScreenVideo CD Key,0
Windows 11 Professional Online Activation 5 Keys Bundle,0
XLN Addictive Keys Studio Grand PC/MAC CD Key,0
CyberLink PhotoDirector 365 Activation Key (1 Year / 1 PC),0
Acronis True Image 2025 Advanced + 50GB Acronis Cloud Storage Key (1 Year / 1 PC),0
Pepakura Designer 5: Paper Craft Models CD Key (3 PCs),0
MS Word 2024 Bind Key,0
AdGuard VPN Premium Key (1 Month / 10 Devices),0
MediaMonkey 5 Gold Licence for Windows CD Key (5 PCs),0
AnyViewer Professional Edition 2025 Key (1 Year / 1 Device),0
Kaspersky Plus 2025 UK Key (2 Years / 1 Device),0
UAD 1176 Classic FET Compressor PC/MAC CD Key,0
InPixio Photo Clip 8 Professional Key (10 PCs),0
PhotoLine 24 CD Key (2 PCs),0
TechSmith Software Bundle CD Key,0
MS Visual Studio 2017 Enterprise CD Key,0
MS Project Standard 2021 CD Key,0
CleanMyMac Plus CD Key (1 Year / 1 Mac),0
CleanMyMac Plus CD Key (Perpetual Licence / 1 Mac),0
CCleaner Professional Key (1 Year / 1 Mac),0
McAfee AntiVirus 2025 Key (1 Year / 1 PC),0
Windows 11 Home Online Activation 3 Keys Bundle,0
McAfee Total Protection 2025 (without VPN) Key (3 Years / 1 Device),0
PureVPN Key (5 Years / 10 Devices),0
Movavi Screen Recorder 2025 Key (1 PC),0
ESET NOD32 Antivirus EU Key (2 Years / 1 Device),0
Avast Cleanup Premium 2025 Key (3 Years / 1 PC),0
Movavi Video Editor 2026 Key (1 PC),0
Movavi Video Editor Plus 2026 Key (1 Mac),0
Wondershare PDFelement for Mac 12 CD Key,0
TechSmith Snagit 2025 PC CD Key (1 Year / 1 PC),0
XSplit 3 Months Premium License (valid until December 2026),0
AVAST Ultimate 2026 Key (3 Years / 10 Devices),0
AVAST Ultimate 2026 Key (2 Years / 10 Devices),0
AVAST Premium Security 2026 Key (3 Years / 10 Devices),0
iTop Data Recovery 5 CD Key,0
MS PowerPoint 2024 Bind Key,0
Norton 360 Deluxe 2026 US Key (1 Year / 5 Devices) + 50 GB Cloud Storage,0
Wondershare Filmora for Windows 15 Video Editor CD Key,0
Wondershare Filmora 15 Video Editor CD Key (1 Month / 1 PC),0
Wondershare Filmora for Mac 15 Video Editor CD Key,0
Wondershare Dr.Fone Full Toolkit Perpetual License Key (5 PCs),0
Kaspersky Plus 2026 IN Key (3 Years / 1 Device),0
VEGAS Pro Edit 21 RoW CD Key,0
Luminar Mobile CD Key,0
Bitdefender Premium VPN 2026 UK Key (1 Year / 10 Devices),0
Bitdefender Antivirus Plus 2026 UK Key (1 Year / 1 PC),0
Bitdefender Total Security MEA Key (1 Year / 5 Devices),0
Ashampoo PDF Pro 5 Key,0
Wondershare MobileTrans for Windows Key (1 Month / 1 Device),0
Movavi Video Editor 2026 Key (1 Device),0
Home Office Bundle,0
Windows 7 Ultimate OEM Key,0
MS Office 2016 Professional Plus Retail Key,0
Bitdefender Premium VPN 2025 Key (1 Year / 10 Devices),0
Kaspersky VPN Secure Connection 2021 Key (1 Year / 5 Devices),0
NordVPN Basic Global Key (6 Months / 10 Devices),0
NordVPN Basic Global Key (1 Year / 10 Devices),0
NordVPN Standard Global Key (1 Month / 10 Devices),0
NordVPN Basic Global Key (1 Month / 10 Devices),0
Clickteam Fusion 2.5 Steam CD Key,0
Trend Micro Maximum Security (3 Year / 5 Devices),0
Panda Dome Advanced Key (1 Year / 3 Device),0
PCmover Professional Key (1 Use / 1 PC),0
Panda Dome Complete Key (2 Years / 1 Device),0
Norton 360 Deluxe EU Key (1 Year / 5 Devices) + 50 GB Cloud Storage,0
Norton 360 Premium EU Key (1 Year / 10 Devices),0
AVAST Ultimate 2020 Key (2 Years / 1 PC),0
McAfee AntiVirus Plus (1 Year / 10 Devices),0
iolo System Mechanic Key (1 Year / 1 PC),0
Kaspersky Safe Kids 2020 Key (1 Year / 1 User),0
McAfee AntiVirus Key (3 Years / 1 PC),0
Kaspersky Anti Virus 2021 Key (1 Year / 1 Device),0
AVAST Premium Security 2021 Key (1 Year / 3 PCs),0
Bitdefender Antivirus Plus 2021 Key (1 Year / 1 Device),0
Norton 360 Premium EU Key (2 Years / 10 Devices) + 75 GB Cloud Storage,0
AVG Ultimate 2021 Key (2 Years / 10 Devices),0
Emsisoft Anti-Malware 2021 (1 Year / 1 Device),0
VEGAS Pro 365 Trial Activation Key (1 Month / 1 PC),0
MiniTool Partition Wizard Pro Annual Subscription (1 Year / 1 Device),0
Norton 360 Deluxe US Key (1 Year / 5 Devices) + 50 GB Cloud Storage,0
VMware vSphere Hypervisor ESXi 7.0U3 CD Key,0
Windows Server 2019 CD Key,0
Windows Server 2022 CD Key,0
AVG Ultimate 2022 Key (1 Year / 5 Devices),0
iZotope Trash 2 PC/MAC CD Key,0
iZotope Neutron 3 Elements PC/MAC CD Key,0
AVG Driver Updater Key (1 Year / 3 PCs),0
Aiseesoft Data Recovery Key (1 Year / 1 PC),0
AVG AntiTrack Key (1 Year / 3 PCs),0
Norton 360 for Gamers 2021 EU Key (1 Year / 3 Devices),0
Kaspersky Internet Security for Android 2022 Key (1 Year/ 1 Device),0
ESET NOD32 Antivirus (3 Years / 2 PCs),0
PureVPN Key (1 Year / 10 Devices),0
IObit Malware Fighter 10 Pro Key (1 Year / 3 PCs),0
Kaspersky Anti Virus 2023 Key (1 Year / 1 Device),0
Bitdefender Total Security 2023 EU Key (2 Years / 10 Devices),0
AVG PC TuneUp 2023 Key (2 Years / Unlimited PCs),0
Kaspersky Standard 2023 EU Key (1 Year / 1 PC),0
Hard Disk Sentinel Professional,0
IK Multimedia T-RackS Classic Clipper PC/MAC CD Key,0
VMware vSphere 7 Standard EU CD Key,0
Smart Game Booster 5 Key (1 Year / 1 Device),0
Arturia Pigments PC/MAC CD Key,0
VideoProc Converter AI for PC CD Key (1 Device),0
McAfee+ Premium Family Key (1 Year / Unlimited Devices),0
Wise Care 365 PRO CD Key (1 Year / 1 PC),0
Bitdefender Total Security 2023 IN Key (3 Years / 1 Device),0
IObit Protected Folder Pro Key (1 Year / 1 PC),0
CCleaner Professional 2024 Key (1 Year / 3 PCs),0
F-Secure Internet Security Multi-device 2024 Key (1 Year / 1 Device),0
PDFChef by Movavi Key (Lifetime / 1 PC),0
Bitdefender Antivirus Plus 2024 Key (2 Years / 3 PCs),0
Bitdefender Antivirus Plus 2024 EU Key (1 Year / 1 PC),0
Windows 11 Home ESD Key,0
Windows 10 Home Retail Key,0
ESET Home Security Essential Key (1 Year / 10 Devices),0
Kaspersky Total Security 2024 MIDDLE EAST Key (1 Year / 1 Device),0
EaseUS Partition Master Professional Lifetime Upgrade Key (2 PCs),0
EaseUS Todo Backup Home Edition Lifetime Upgrade Key,0
MS Office 2021 Professional Plus Bind Key,0
MS Office 2019 Professional Plus Bind Key,0
Apple Final Cut Pro CD Key,0
Windows 11 Home N Retail Key,0
Windows 11 Professional N Retail Key,0
CyberGhost VPN Subscription Key (1 Year / 7 Devices),0
Parallels Desktop 19 Standard for Mac Key,0
ESET Home Security Essential Key (2 Years / 1 Device),0
ESET Home Security Premium Key (2 Years / 5 Devices),0
ESET Home Security Premium Key (2 Years / 10 Devices),0
Adobe Substance 3D Painter 2024 - 12 Months Subscription Key,0
EaseUS Data Recovery Wizard Professional for Windows v18.0 Key,0
MS SQL Server 2014 CD Key,0
Windows 11 Enterprise CD Key,0
MS Office 2010 Professional Plus ISO Key,0
Norton Antivirus Plus for PC 2024 EU Key (1 Year / 1 Device),0
Home Office Bundle Pro,0
EndNote 21 CD Key (2 Devices),0
Adobe Creative Cloud Photography Plan - 1 Month Subscription Key RoW,0
Adobe Express Premium - 6 Months Subscription Key,0
Wondershare Filmora for Windows 14 Video Editor CD Key,0
IObit Advanced SystemCare 18 Pro Key (1 Year / 3 PCs),0
Windows Server 2025 Datacenter CD Key,0
IObit Malware Fighter 12 Pro Key (1 Year / 3 PCs),0
CorelDRAW Standard 2024 Key (1 Device),0
Acronis True Image 2025 Key (1 Year / 1 Device),0
Bitdefender Total Security 2025 Key (2 Years / 5 Devices),0
Bitdefender Total Security 2025 Key (2 Years / 10 Devices),0
Bitdefender Total Security 2025 US Key (2 Years / 5 Devices),0
MS Office 2021 Professional Plus Retail EU Key,0
Wondershare Filmora Creative Assets Annual Plan CD Key (1 Year / 1 PC),0
CCleaner Professional 2025 Key (3 Years / 1 PC),0
CCleaner Premium Bundle 2025 Key (1 Year / 5 Devices),0
AVAST Premium Security 2025 Key (1 Year / 3 Devices),0
Bitdefender Total Security 2025 IN Key (3 Years / 3 Devices),0
Bitdefender Internet Security Key (2 Years / 3 PCs),0
ESET Smart Security Premium CA Key (1 Year / 10 Devices),0
Wondershare Filmora for iOS Perpetual License Key,0
SKYBOX VR Video Player Meta Quest Gift,0
4XVR Premium Version Meta Quest Gift,0
ESET Home Security Essential EU Key (2 Years / 3 Devices),0
ESET Home Security Essential EU Key (2 Years / 5 Devices),0
ESET Home Security Essential EU Key (1 Year / 10 Devices),0
ESET Home Security Premium EU Key (1 Year / 3 Devices),0
ESET Home Security Premium EU Key (2 Years / 3 Devices),0
ESET Home Security Premium EU Key (1 Year / 5 Devices),0
Adobe Creative Cloud Pro - 3 Months Subscription Key RoW,0
Bitdefender Total Security 2025 EU Key (1 Year / 3 Devices),0
Kaspersky Plus 2025 EU Key (2 Years / 3 Devices),0
Kaspersky Standard 2025 EU Key (2 Years / 5 Devices),0
Kaspersky Standard 2025 EU Key (1 Year / 10 Devices),0
Kaspersky Premium 2025 EU Key (2 Years / 5 Devices),0
EaseUS Todo PCTrans Professional Key (2 PCs),0
Kaspersky Plus 2025 EU Key (1 Year / 3 Devices),0
F-Secure Total 2025 EU Key (1 Year / 3 Devices),0
Avast Driver Updater 2025 Key (2 Years / 1 PC),0
AVG Internet Security 2025 Key (2 Years / 1 Device),0
McAfee Safe Connect VPN 2025 Key (1 Year / 5 Devices),0
McAfee Total Protection 2025 EU Key (1 Year / 5 Devices),0
EaseUS Partition Master Professional 2025 Key (2 PCs),0
EaseUS Data Recovery Wizard Professional 2025 for Windows Key,0
G Data Internet Security 2025 EU Key (1 Year / 3 Devices),0
ACDSee Software Bundle CD Key,0
Lossless Scaling PC Steam CD Key,0
AdGuard DNS Personal Key (1 Year / 20 Devices),0
AdGuard Ad Blocker Premium Key (1 Year / 1 Device),0
FileCenter Professional Plus 12 CD Key (3 PCs),0
Windows 10 Professional Online Activation 3 Keys Bundle,0
Windows 11 Professional Online Activation 3 Keys Bundle,0
Antares AutoTune Access CD Key,0
Parallels Desktop 26 Standard for Mac Key (1 Year / 1 Mac),0
Bitdefender Antivirus Plus 2025 US Key (1 Year / 3 PCs),0
Wondershare PDFelement for Windows 12 CD Key,0
Movavi Video Suite 2026 Key (1 Mac),0
Nero Platinum 2025 Suite SE CD Key (1 Year/ 1 PC),0
AVAST Ultimate 2026 Key (1 Year / 10 Devices),0
AVAST Premium Security 2026 Key (1 Year / 10 Devices),0
Adobe Creative Cloud Pro - 2-Month Subscription Key,0
Norton 360 Deluxe + Utilities Ultimate 2026 EU Key (1 Year / 5 Devices) + 50 GB Cloud Storage,0
Norton 360 Premium + Utilities Ultimate 2026 EU Key (1 Year / 10 Devices) + 75 GB Cloud Storage,0
Norton 360 Premium 2026 EU Key (1 Year / 10 Devices) + 75 GB Cloud Storage,0
Wondershare PDFelement for Windows 12 CD Key (2 PCs),0
Serato DJ Pro CD Key,0
AVG Ultimate 2024 with Secure VPN Key (3 Years / 10 Devices),0
Windows 10 Home Online Activation Key,0
MS Office 2024 Home PC/MAC Retail Key,0
ESET Home Security Premium Key (1 Year / 1 Device),0
Internet Download Manager Key,0
Internet Download Manager (1 Year / 1 PC),0
AOMEI Backupper Professional Edition CD Key (2 PCs),0
Norton 360 Premium EU Key (1 Year / 10 Devices) + 75 GB Cloud Storage,0
AVAST Driver Updater Key (1 Year / 3 PCs),0
Norton 360 Deluxe EU Key (6 Months / 3 Devices) + 25 GB Cloud Storage,0
Stellar Data Recovery CD Key (1 Year / 1 PC),0
Kaspersky Anti Virus 2022 Key (1 Year / 1 Device),0
Bitdefender Total Security 2024 Key (1 Year / 5 Devices),0
Movavi Video Converter 2024 Key (1 PC),0
McAfee Total Protection 2024 Key (1 Year / 5 Devices),0
Kaspersky Standard 2024 EU Key (1 Year / 3 Devices),0
McAfee Total Protection 2024 EU Key (2 Years / 5 Devices),0
Norton 360 Deluxe EU Key (2 Years / 3 Devices) + 25 GB Cloud Storage,0
ESET Home Security Premium Key (1 Year / 3 Devices),0
ESET Home Security Premium Key (2 Years / 1 Device),0
McAfee Total Protection 2024 EU Key (1 Year / 3 Devices),0
CCleaner Professional Plus 2024 Key (1 Year / 3 Devices),0
MS Office 2019 Professional Plus ISO Key,0
Trend Micro Maximum Security 2024 Key (3 Years / 10 Devices),0
EaseUS Disk Copy Pro CD Key (1 Year / 1 PC),0
MS Visio Professional 2024 Bind Key,0
Movavi Video Editor Plus 2025 Key (1 PC),0
Bitdefender Total Security 2025 Key (3 Years / 5 Devices),0
McAfee LiveSafe 2025 Key (1 Year / Unlimited Devices),0
Bitdefender Total Security 2025 US Key (2 Years / 10 Devices),0
Kaspersky Anti Virus 2025 Key (1 Year / 1 Device),0
MAGIX Music Maker 2024 Premium Digital Download CD Key,0
CCleaner Professional 2025 Key (1 Year / 3 PCs),0
CCleaner Professional Plus 2024 Key (3 Years / 3 Devices),0
AVAST Premium Security 2025 Key (2 Years / 1 PC),0
Aiarty Image Enhancer Key (1 Year / 1 Device),0
Adobe Express Premium - 12 Months Subscription Key,0
Norton AntiTrack EU CD Key (1 Year / 1 Device),0
Kaspersky Premium 2025 EU Key (2 Years / 3 Devices),0
Kaspersky Plus 2025 EU Key (2 Years / 1 Device),0
Kaspersky Plus 2025 EU Key (1 Year / 5 Devices),0
Kaspersky Standard 2025 EU Key (2 Years / 1 Device),0
Kaspersky Premium 2025 EU Key (1 Year / 10 Devices),0
Kaspersky Premium 2025 EU Key (2 Years / 10 Devices),0
AVAST Premium Security 2025 Key (1 Year / 1 Mac),0
AVAST Ultimate 2025 Key (1 Year / 10 Devices),0
EaseUS Todo PCTrans Professional Key,0
Movavi Video Suite 2026 Key (1 PC),0
AVAST Premium Security 2026 Key (2 Years / 10 Devices),0
AVG Ultimate 2026 with Secure VPN Key (3 Years / 10 Devices),0
MS Visual Studio 2026 Professional CD Key,0
MS Office 2019 Home and Student Retail Key,0
NordVPN Plus Global Key (1 Year / 10 Devices),0
McAfee Internet Security - 1 Year Unlimited Devices Key,0
ESET NOD32 Antivirus (2 Years / 1 PC),0
WinZip 21 Standard Version Key,0
AdLock Multi-Device Protection Key (1 Year / 5 Devices),0
Norton 360 Premium US Key (1 Year / 10 Devices) + 75 GB Cloud Storage,0
AIR Xpand!2 PC/MAC Key,0
Tableau Desktop Pro Key (1 Year / 2 PCs),0
Surfshark Starter VPN Key (30 Days / Unlimited Devices),0
ESET Smart Security Premium Key (1 Year / 1 Device),0
FabFilter Pro-Q 3 PC/MAC CD Key,0
Bitdefender Antivirus Plus 2023 Key (1 Year / 1 Device),0
EaseUS Data Recovery Wizard Professional for Windows 2023 Key,0
CCleaner Professional Plus 2023 Key (1 Year / 3 Devices),0
Norton 360 Platinum EU Key (1 Year / 20 Devices) + 100 GB Cloud Storage,0
ESET Home Security Ultimate Key (1 Year / 5 Devices),0
ESET Home Security Premium Key (1 Year / 10 Devices),0
EaseUS Disk Copy Pro CD Key,0
Windows Server 2025 CD Key,0
Bitdefender Total Security 2025 Key (1 Year / 10 Devices),0
CCleaner Professional Plus 2025 Key (3 Years / 3 Devices),0
Kaspersky Premium 2025 EU Key (1 Year / 5 Devices),0
Norton 360 for Gamers 2025 EU Key (1 Year / 3 Devices),0
IK Multimedia AmpliTube 5 Special Edition PC/MAC CD Key,0
McAfee Total Protection 2025 EU Key (1 Year / 3 Devices),0
EaseUS Data Recovery Wizard Professional 2025 Key (1 Year / 1 PC),0
TechSmith Snagit 2024 PC CD Key,0
Norton 360 Deluxe EU Key (1 Year / 3 Devices) + 25 GB Cloud Storage,0
ESET Smart Security Premium Key (1 Year / 1 PC),0
ESET NOD32 Antivirus (1 Year / 10 Devices),0
Celemony Melodyne 5 Essential PC/MAC CD Key,0
3DMark + 17 DLCs Steam CD Key,0
MS Office 2021 Home and Business for Mac Bind Key,0
EaseUS Partition Master Professional 18.0 for Windows Key,0
Bitdefender Total Security 2025 Key (1 Year / 5 Devices),0
ESET Home Security Premium EU Key (1 Year / 1 Device),0
Adobe Creative Cloud Pro - 1 Month Subscription Key EU/ASIA,0
AVG PC TuneUp 2025 Key (1 Year / 1 PC),0
iZotope Tonal Balance Control 2 PC/MAC CD Key,0
MS Office 2024 Home and Business PC Retail Key,0
Trend Micro Maximum Security (3 Year / 3 Devices),0
AOMEI Partition Assistant Professional Edition CD Key (2 PCs),0
3DMark EU PC Steam CD Key,0
Norton 360 Deluxe EU Key (1 Year / 5 Devices),0
MS Office 365 Personal EU Key (1 Year / 1 Account),0
Laplink PCmover Professional Key (1 Use / 1 PC),0
Bitdefender Premium VPN 2023 EU (1 Year / 10 Devices),0
Adobe Substance 3D Collection - 12 Months Subscription Key RoW,0
Adobe Creative Cloud Pro - 12 Months Subscription Key EU,0
Parallels Desktop 26 Pro for Mac Key (1 Year / 1 Mac),0
Movavi Video Editor Plus 2026 Key (1 PC),0
Norton Utilities Ultimate 2026 EU Key (1 Year / 10 PCs),0
Bitdefender Total Security 2026 Key (2 Years / 5 Devices),0
CCleaner Professional Plus 2026 Key (3 Years / 3 Devices),0
CCleaner Professional 2026 Key (3 Years / 1 Device),0
McAfee Total Protection 2026 Key (1 Year / 10 Devices),0
MS Office 2021 Home and Business Retail Key for Mac,0
ESET Mobile Security for Android (1 Year / 1 Device),0
AVAST Driver Updater Key (1 Year / 1 PC),0
ESET NOD32 Antivirus 2024 Key (1 Year / 1 Device),0
MS Office 2016 Professional Plus ISO Key,0
CCleaner Professional Plus 2025 Key (1 Year / 3 Devices),0
Kaspersky Premium 2025 EU Key (1 Year / 1 Device),0
McAfee Total Protection 2026 Key (3 Years / 1 Device),0
HMA! Pro VPN Key (1 Year / Unlimited Devices),0
MS Office 2024 Home and Business PC/MAC Retail Key,0
Windows 10 Professional Retail Key,0
ESET Home Security Essential Key (1 Year / 3 Devices),0
IObit Advanced SystemCare 19 Pro Key (1 Year / 1 PC),0
MS Visual Studio 2026 Enterprise CD Key,0
Bitdefender Total Security 2025 EU Key (1 Year / 5 Devices),0
ESET NOD32 Antivirus (3 Year / 1 PC),0
MS Office 2021 Professional Plus ISO Key,0
ESET Internet Security Key (2 Years / 1 PC),0
Adobe Creative Cloud Pro - 3 Months Subscription Key EU/ASIA,0
CCleaner Professional Plus 2026 Key (1 Year / 3 Devices),0
MS Office 365 Family EU Key (1 Year / 6 Devices),0
3DMark Advanced Edition Steam CD Key,0
Kaspersky Standard 2025 EU Key (1 Year / 1 Device),0
MS Office 2019 Professional Plus Retail Key,0
Norton 360 Deluxe 2024 EU Key (1 Year / 3 Devices) + 25 GB Cloud Storage,0
Kaspersky Premium 2025 EU Key (1 Year / 3 Devices),0
Bitdefender Total Security 2026 Key (1 Year / 5 Devices),0
Windows 10 Professional Online Activation Key,0
Voicemod PRO - Coupon Code,0
Norton 360 Deluxe 2025 EU Key (1 Year / 5 Devices) + 50 GB Cloud Storage,0
Kaspersky Plus 2025 EU Key (1 Year / 1 Device),0
3DMark PC Steam CD Key,0
CrossOver for Mac CD Key,0
Windows 10 Home OEM Key,0
DisplayFusion Steam Gift,0
Nitro PDF Pro 14 CD Key,0
Windows 11 Home Online Activation Key,0
Adobe Creative Cloud Photography Plan - 1TB Cloudstorage Subscription Key (3 Months / 1 PC),0
ESET NOD32 Antivirus (1 Year / 1 PC),0
ESET Internet Security 2024 Key (1 Year / 1 PC),0
Windows 11 Professional N OEM Key,0
Windows 10 Professional OEM Key,0
Windows 11 Home Retail Key,0
ESET Home Security Essential Key (1 Year / 1 Device),0
Windows 11 Professional Online Activation Key,0
Adobe Creative Cloud Pro - 1 Month Subscription Key,0
MS Office 2021 Professional Plus OEM Key,0
MS Office 2021 Professional Plus Retail Key,0
ESET Internet Security Key (1 Year / 1 PC),0
Windows 11 Home OEM Key,0
Adobe Creative Cloud Pro - 3 Months Subscription Key,0
Windows 11 Professional Retail Key,0
Windows 11 Professional OEM Key,0
