title,expected_price,line_number
"DisplayFusion Steam Gift",0,623
"Nitro PDF Pro 14 CD Key",0,624
"Windows 11 Home Online Activation Key",0,625
"Adobe Creative Cloud Photography Plan - 1TB Cloudstorage Subscription Key (3 Months / 1 PC)",0,626
"ESET NOD32 Antivirus (1 Year / 1 PC)",0,627
"ESET Internet Security 2024 Key (1 Year / 1 PC)",0,628
"Windows 11 Professional N OEM Key",0,629
"Windows 10 Professional OEM Key",0,630
"Windows 11 Home Retail Key",0,631
"ESET Home Security Essential Key (1 Year / 1 Device)",0,632
"Windows 11 Professional Online Activation Key",0,633
"Adobe Creative Cloud Pro - 1 Month Subscription Key",0,634
"MS Office 2021 Professional Plus OEM Key",0,635
"MS Office 2021 Professional Plus Retail Key",0,636
"ESET Internet Security Key (1 Year / 1 PC)",0,637
"Windows 11 Home OEM Key",0,638
"Adobe Creative Cloud Pro - 3 Months Subscription Key",0,639
"Windows 11 Professional Retail Key",0,640
"Windows 11 Professional OEM Key",0,641